{"cameraMode":{"drawMode":0,"name":"Shaded","section":"Shading Mode"},"sceneLighting":true,"audioPlay":false,"sceneViewState":{"m_AlwaysRefresh":false,"showFog":true,"showSkybox":true,"showFlares":true,"showImageEffects":true,"showParticleSystems":true,"showVisualEffectGraphs":true,"m_FxEnabled":true},"in2DMode":false,"pivot":{"x":0.06016826629638672,"y":1.9246184825897217,"z":-4.308892726898193},"rotation":{"x":-0.09945448487997055,"y":0.7080485224723816,"z":-0.10180924832820893,"w":-0.6916720867156982},"size":9.902799606323243,"orthographic":false}